--
-- PostgreSQL database dump
--

-- Dumped from database version 12.22 (Ubuntu 12.22-0ubuntu0.20.04.4)
-- Dumped by pg_dump version 12.22 (Ubuntu 12.22-0ubuntu0.20.04.4)

SET statement_timeout = 0;
SET lock_timeout = 0;
SET idle_in_transaction_session_timeout = 0;
SET client_encoding = 'UTF8';
SET standard_conforming_strings = on;
SELECT pg_catalog.set_config('search_path', '', false);
SET check_function_bodies = false;
SET xmloption = content;
SET client_min_messages = warning;
SET row_security = off;

DROP DATABASE universe;
--
-- Name: universe; Type: DATABASE; Schema: -; Owner: freecodecamp
--

CREATE DATABASE universe WITH TEMPLATE = template0 ENCODING = 'UTF8' LC_COLLATE = 'C.UTF-8' LC_CTYPE = 'C.UTF-8';


ALTER DATABASE universe OWNER TO freecodecamp;

\connect universe

SET statement_timeout = 0;
SET lock_timeout = 0;
SET idle_in_transaction_session_timeout = 0;
SET client_encoding = 'UTF8';
SET standard_conforming_strings = on;
SELECT pg_catalog.set_config('search_path', '', false);
SET check_function_bodies = false;
SET xmloption = content;
SET client_min_messages = warning;
SET row_security = off;

SET default_tablespace = '';

SET default_table_access_method = heap;

--
-- Name: galaxy; Type: TABLE; Schema: public; Owner: postgres
--

CREATE TABLE public.galaxy (
    galaxy_id integer NOT NULL,
    name character varying(100) NOT NULL,
    galaxy_type text NOT NULL,
    age_in_millions_of_years integer NOT NULL,
    is_spherical boolean NOT NULL
);


ALTER TABLE public.galaxy OWNER TO postgres;

--
-- Name: galaxy_galaxy_id_seq; Type: SEQUENCE; Schema: public; Owner: postgres
--

CREATE SEQUENCE public.galaxy_galaxy_id_seq
    AS integer
    START WITH 1
    INCREMENT BY 1
    NO MINVALUE
    NO MAXVALUE
    CACHE 1;


ALTER TABLE public.galaxy_galaxy_id_seq OWNER TO postgres;

--
-- Name: galaxy_galaxy_id_seq; Type: SEQUENCE OWNED BY; Schema: public; Owner: postgres
--

ALTER SEQUENCE public.galaxy_galaxy_id_seq OWNED BY public.galaxy.galaxy_id;


--
-- Name: galaxy_type; Type: TABLE; Schema: public; Owner: postgres
--

CREATE TABLE public.galaxy_type (
    galaxy_type_id integer NOT NULL,
    name character varying(100) NOT NULL,
    description text NOT NULL
);


ALTER TABLE public.galaxy_type OWNER TO postgres;

--
-- Name: galaxy_type_galaxy_type_id_seq; Type: SEQUENCE; Schema: public; Owner: postgres
--

CREATE SEQUENCE public.galaxy_type_galaxy_type_id_seq
    AS integer
    START WITH 1
    INCREMENT BY 1
    NO MINVALUE
    NO MAXVALUE
    CACHE 1;


ALTER TABLE public.galaxy_type_galaxy_type_id_seq OWNER TO postgres;

--
-- Name: galaxy_type_galaxy_type_id_seq; Type: SEQUENCE OWNED BY; Schema: public; Owner: postgres
--

ALTER SEQUENCE public.galaxy_type_galaxy_type_id_seq OWNED BY public.galaxy_type.galaxy_type_id;


--
-- Name: moon; Type: TABLE; Schema: public; Owner: postgres
--

CREATE TABLE public.moon (
    moon_id integer NOT NULL,
    name character varying(100) NOT NULL,
    planet_id integer NOT NULL,
    is_spherical boolean NOT NULL,
    radius integer NOT NULL
);


ALTER TABLE public.moon OWNER TO postgres;

--
-- Name: moon_moon_id_seq; Type: SEQUENCE; Schema: public; Owner: postgres
--

CREATE SEQUENCE public.moon_moon_id_seq
    AS integer
    START WITH 1
    INCREMENT BY 1
    NO MINVALUE
    NO MAXVALUE
    CACHE 1;


ALTER TABLE public.moon_moon_id_seq OWNER TO postgres;

--
-- Name: moon_moon_id_seq; Type: SEQUENCE OWNED BY; Schema: public; Owner: postgres
--

ALTER SEQUENCE public.moon_moon_id_seq OWNED BY public.moon.moon_id;


--
-- Name: planet; Type: TABLE; Schema: public; Owner: postgres
--

CREATE TABLE public.planet (
    planet_id integer NOT NULL,
    name character varying(100) NOT NULL,
    star_id integer NOT NULL,
    has_life boolean NOT NULL,
    distance_from_earth numeric NOT NULL,
    age_in_millions_of_years integer NOT NULL
);


ALTER TABLE public.planet OWNER TO postgres;

--
-- Name: planet_planet_id_seq; Type: SEQUENCE; Schema: public; Owner: postgres
--

CREATE SEQUENCE public.planet_planet_id_seq
    AS integer
    START WITH 1
    INCREMENT BY 1
    NO MINVALUE
    NO MAXVALUE
    CACHE 1;


ALTER TABLE public.planet_planet_id_seq OWNER TO postgres;

--
-- Name: planet_planet_id_seq; Type: SEQUENCE OWNED BY; Schema: public; Owner: postgres
--

ALTER SEQUENCE public.planet_planet_id_seq OWNED BY public.planet.planet_id;


--
-- Name: star; Type: TABLE; Schema: public; Owner: postgres
--

CREATE TABLE public.star (
    star_id integer NOT NULL,
    name character varying(100) NOT NULL,
    galaxy_id integer NOT NULL,
    temperature integer NOT NULL,
    is_spherical boolean NOT NULL
);


ALTER TABLE public.star OWNER TO postgres;

--
-- Name: star_star_id_seq; Type: SEQUENCE; Schema: public; Owner: postgres
--

CREATE SEQUENCE public.star_star_id_seq
    AS integer
    START WITH 1
    INCREMENT BY 1
    NO MINVALUE
    NO MAXVALUE
    CACHE 1;


ALTER TABLE public.star_star_id_seq OWNER TO postgres;

--
-- Name: star_star_id_seq; Type: SEQUENCE OWNED BY; Schema: public; Owner: postgres
--

ALTER SEQUENCE public.star_star_id_seq OWNED BY public.star.star_id;


--
-- Name: galaxy galaxy_id; Type: DEFAULT; Schema: public; Owner: postgres
--

ALTER TABLE ONLY public.galaxy ALTER COLUMN galaxy_id SET DEFAULT nextval('public.galaxy_galaxy_id_seq'::regclass);


--
-- Name: galaxy_type galaxy_type_id; Type: DEFAULT; Schema: public; Owner: postgres
--

ALTER TABLE ONLY public.galaxy_type ALTER COLUMN galaxy_type_id SET DEFAULT nextval('public.galaxy_type_galaxy_type_id_seq'::regclass);


--
-- Name: moon moon_id; Type: DEFAULT; Schema: public; Owner: postgres
--

ALTER TABLE ONLY public.moon ALTER COLUMN moon_id SET DEFAULT nextval('public.moon_moon_id_seq'::regclass);


--
-- Name: planet planet_id; Type: DEFAULT; Schema: public; Owner: postgres
--

ALTER TABLE ONLY public.planet ALTER COLUMN planet_id SET DEFAULT nextval('public.planet_planet_id_seq'::regclass);


--
-- Name: star star_id; Type: DEFAULT; Schema: public; Owner: postgres
--

ALTER TABLE ONLY public.star ALTER COLUMN star_id SET DEFAULT nextval('public.star_star_id_seq'::regclass);


--
-- Data for Name: galaxy; Type: TABLE DATA; Schema: public; Owner: postgres
--

INSERT INTO public.galaxy VALUES (1, 'Milky Way', 'Spiral', 13600, true);
INSERT INTO public.galaxy VALUES (2, 'Andromeda', 'Spiral', 10000, true);
INSERT INTO public.galaxy VALUES (3, 'Triangulum', 'Spiral', 8000, true);
INSERT INTO public.galaxy VALUES (4, 'Sombrero', 'Elliptical', 9000, true);
INSERT INTO public.galaxy VALUES (5, 'Whirlpool', 'Spiral', 7000, true);
INSERT INTO public.galaxy VALUES (6, 'Messier 87', 'Elliptical', 12000, true);


--
-- Data for Name: galaxy_type; Type: TABLE DATA; Schema: public; Owner: postgres
--



--
-- Data for Name: moon; Type: TABLE DATA; Schema: public; Owner: postgres
--

INSERT INTO public.moon VALUES (1, 'Moon', 3, true, 1737);
INSERT INTO public.moon VALUES (2, 'Phobos', 4, false, 11);
INSERT INTO public.moon VALUES (3, 'Deimos', 4, false, 6);
INSERT INTO public.moon VALUES (4, 'Io', 5, true, 1821);
INSERT INTO public.moon VALUES (5, 'Europa', 5, true, 1560);
INSERT INTO public.moon VALUES (6, 'Ganymede', 5, true, 2634);
INSERT INTO public.moon VALUES (7, 'Callisto', 5, true, 2410);
INSERT INTO public.moon VALUES (8, 'Titan', 6, true, 2575);
INSERT INTO public.moon VALUES (9, 'Rhea', 6, true, 764);
INSERT INTO public.moon VALUES (10, 'Iapetus', 6, true, 735);
INSERT INTO public.moon VALUES (11, 'Dione', 6, true, 561);
INSERT INTO public.moon VALUES (12, 'Tethys', 6, true, 531);
INSERT INTO public.moon VALUES (13, 'Miranda', 7, true, 235);
INSERT INTO public.moon VALUES (14, 'Ariel', 7, true, 578);
INSERT INTO public.moon VALUES (15, 'Umbriel', 7, true, 585);
INSERT INTO public.moon VALUES (16, 'Titania', 7, true, 789);
INSERT INTO public.moon VALUES (17, 'Oberon', 7, true, 761);
INSERT INTO public.moon VALUES (18, 'Triton', 8, true, 1353);
INSERT INTO public.moon VALUES (19, 'Nereid', 8, true, 170);
INSERT INTO public.moon VALUES (20, 'Charon', 9, true, 606);


--
-- Data for Name: planet; Type: TABLE DATA; Schema: public; Owner: postgres
--

INSERT INTO public.planet VALUES (1, 'Mercury', 1, false, 77, 4500);
INSERT INTO public.planet VALUES (2, 'Venus', 1, false, 38, 4500);
INSERT INTO public.planet VALUES (3, 'Earth', 1, true, 0, 4500);
INSERT INTO public.planet VALUES (4, 'Mars', 1, false, 54, 4500);
INSERT INTO public.planet VALUES (5, 'Jupiter', 1, false, 628, 4500);
INSERT INTO public.planet VALUES (6, 'Saturn', 1, false, 1275, 4500);
INSERT INTO public.planet VALUES (7, 'Uranus', 1, false, 2724, 4500);
INSERT INTO public.planet VALUES (8, 'Neptune', 1, false, 4351, 4500);
INSERT INTO public.planet VALUES (9, 'Kepler-22b', 4, false, 600, 2000);
INSERT INTO public.planet VALUES (10, 'Proxima b', 2, false, 4.2, 4500);
INSERT INTO public.planet VALUES (11, 'HD 209458 b', 5, false, 159, 4000);
INSERT INTO public.planet VALUES (12, 'Gliese 581c', 6, false, 20, 7000);


--
-- Data for Name: star; Type: TABLE DATA; Schema: public; Owner: postgres
--

INSERT INTO public.star VALUES (1, 'Sun', 1, 5778, true);
INSERT INTO public.star VALUES (2, 'Sirius', 1, 9940, true);
INSERT INTO public.star VALUES (3, 'Betelgeuse', 1, 3500, true);
INSERT INTO public.star VALUES (4, 'Rigel', 2, 12100, true);
INSERT INTO public.star VALUES (5, 'Vega', 2, 9600, true);
INSERT INTO public.star VALUES (6, 'Polaris', 3, 6015, true);


--
-- Name: galaxy_galaxy_id_seq; Type: SEQUENCE SET; Schema: public; Owner: postgres
--

SELECT pg_catalog.setval('public.galaxy_galaxy_id_seq', 6, true);


--
-- Name: galaxy_type_galaxy_type_id_seq; Type: SEQUENCE SET; Schema: public; Owner: postgres
--

SELECT pg_catalog.setval('public.galaxy_type_galaxy_type_id_seq', 1, false);


--
-- Name: moon_moon_id_seq; Type: SEQUENCE SET; Schema: public; Owner: postgres
--

SELECT pg_catalog.setval('public.moon_moon_id_seq', 20, true);


--
-- Name: planet_planet_id_seq; Type: SEQUENCE SET; Schema: public; Owner: postgres
--

SELECT pg_catalog.setval('public.planet_planet_id_seq', 12, true);


--
-- Name: star_star_id_seq; Type: SEQUENCE SET; Schema: public; Owner: postgres
--

SELECT pg_catalog.setval('public.star_star_id_seq', 6, true);


--
-- Name: galaxy galaxy_name_key; Type: CONSTRAINT; Schema: public; Owner: postgres
--

ALTER TABLE ONLY public.galaxy
    ADD CONSTRAINT galaxy_name_key UNIQUE (name);


--
-- Name: galaxy galaxy_pkey; Type: CONSTRAINT; Schema: public; Owner: postgres
--

ALTER TABLE ONLY public.galaxy
    ADD CONSTRAINT galaxy_pkey PRIMARY KEY (galaxy_id);


--
-- Name: galaxy_type galaxy_type_name_key; Type: CONSTRAINT; Schema: public; Owner: postgres
--

ALTER TABLE ONLY public.galaxy_type
    ADD CONSTRAINT galaxy_type_name_key UNIQUE (name);


--
-- Name: galaxy_type galaxy_type_pkey; Type: CONSTRAINT; Schema: public; Owner: postgres
--

ALTER TABLE ONLY public.galaxy_type
    ADD CONSTRAINT galaxy_type_pkey PRIMARY KEY (galaxy_type_id);


--
-- Name: moon moon_name_key; Type: CONSTRAINT; Schema: public; Owner: postgres
--

ALTER TABLE ONLY public.moon
    ADD CONSTRAINT moon_name_key UNIQUE (name);


--
-- Name: moon moon_pkey; Type: CONSTRAINT; Schema: public; Owner: postgres
--

ALTER TABLE ONLY public.moon
    ADD CONSTRAINT moon_pkey PRIMARY KEY (moon_id);


--
-- Name: planet planet_name_key; Type: CONSTRAINT; Schema: public; Owner: postgres
--

ALTER TABLE ONLY public.planet
    ADD CONSTRAINT planet_name_key UNIQUE (name);


--
-- Name: planet planet_pkey; Type: CONSTRAINT; Schema: public; Owner: postgres
--

ALTER TABLE ONLY public.planet
    ADD CONSTRAINT planet_pkey PRIMARY KEY (planet_id);


--
-- Name: star star_name_key; Type: CONSTRAINT; Schema: public; Owner: postgres
--

ALTER TABLE ONLY public.star
    ADD CONSTRAINT star_name_key UNIQUE (name);


--
-- Name: star star_pkey; Type: CONSTRAINT; Schema: public; Owner: postgres
--

ALTER TABLE ONLY public.star
    ADD CONSTRAINT star_pkey PRIMARY KEY (star_id);


--
-- Name: moon moon_planet_id_fkey; Type: FK CONSTRAINT; Schema: public; Owner: postgres
--

ALTER TABLE ONLY public.moon
    ADD CONSTRAINT moon_planet_id_fkey FOREIGN KEY (planet_id) REFERENCES public.planet(planet_id);


--
-- Name: planet planet_star_id_fkey; Type: FK CONSTRAINT; Schema: public; Owner: postgres
--

ALTER TABLE ONLY public.planet
    ADD CONSTRAINT planet_star_id_fkey FOREIGN KEY (star_id) REFERENCES public.star(star_id);


--
-- Name: star star_galaxy_id_fkey; Type: FK CONSTRAINT; Schema: public; Owner: postgres
--

ALTER TABLE ONLY public.star
    ADD CONSTRAINT star_galaxy_id_fkey FOREIGN KEY (galaxy_id) REFERENCES public.galaxy(galaxy_id);


--
-- PostgreSQL database dump complete
--

